Constanta Blissitt,7691 Merchant Terrace,Honolulu,HI,96850
Cassy Pescott,469 Mendota Circle,Austin,TX,78759
Ariana Gresswood,7663 Kings Pass,Charlotte,NC,28242
Cynde Bound,80355 Donald Park,Garden Grove,CA,92844
Christian Duddle,6521 Vahlen Junction,Cincinnati,OH,45238
Germain Hehl,879 Kropf Court,New Hyde Park,NY,11044
Lisle Falkus,03127 Park Meadow Alley,Miami,FL,33169
Xylia Dillicate,35 Onsgard Lane,Oakland,CA,94660
Rafa Sollis,455 Eliot Park,Beaverton,OR,97075
Mathilda Minchenton,1943 Mcguire Way,Boston,MA,02283
Brody Tesdale,0036 Graceland Plaza,Naples,FL,34114
Viva Simak,40806 Straubel Plaza,Houston,TX,77250
Jennica Wilshaw,11206 Porter Road,Garland,TX,75049
Tilly Silveston,9 Esch Junction,Albuquerque,NM,87190
Fernande Lessmare,901 Scofield Parkway,Honolulu,HI,96815
Claudell Patten,5 Clarendon Street,Huntsville,AL,35810
Shel Pelosi,578 High Crossing Place,Elmira,NY,14905
Cindy Reynish,8276 Pine View Park,Garland,TX,75044
Alwyn Fazzioli,88 Hooker Hill,York,PA,17405
Tammy Pavlik,2726 Loeprich Hill,Terre Haute,IN,47812
Kirbee Sentance,1 Coleman Road,Detroit,MI,48267
Lorraine Menaul,53 Sullivan Park,Lansing,MI,48930
Malinda Ygou,947 Killdeer Parkway,Glendale,CA,91205
Vivi Taree,3880 Tomscot Road,Kansas City,MO,64190
Clarke Scrace,6 Westend Drive,Suffolk,VA,23436
Corinna Lenormand,2220 Everett Plaza,Bakersfield,CA,93386
Janot Durrett,96 Northwestern Way,Honolulu,HI,96840
Nikki Ellingham,73938 Eagle Crest Center,Tampa,FL,33610
Gar Khomich,8 Judy Trail,Fort Wayne,IN,46825
Jamil Ziemke,74258 Eastlawn Terrace,Nashville,TN,37210
Bambi Henmarsh,30300 Warrior Parkway,Lincoln,NE,68531
Alley Torbet,727 Bartillon Way,New Orleans,LA,70179
Edan Grinvalds,16738 David Terrace,Nashville,TN,37220
Theresa Sapshed,7 Debs Parkway,Racine,WI,53405
Cristin Dimbylow,829 Kinsman Place,Harrisburg,PA,17126
Fannie Rive,56 Scofield Hill,Oklahoma City,OK,73167
Gerry Adamov,7 Pankratz Crossing,Fort Wayne,IN,46857
Fern O'Malley,7 Hoard Hill,Monticello,MN,55585
Bee Hall,72085 Logan Terrace,San Antonio,TX,78220
Merrilee Place,13361 Leroy Park,Los Angeles,CA,90076
Adler Gounet,386 Hoard Plaza,Saint Joseph,MO,64504
Kayley Pead,11642 Ryan Point,Fort Myers,FL,33913
Ann Othen,961 Artisan Hill,San Antonio,TX,78260
Alana Duckworth,41 Comanche Lane,Augusta,GA,30905
Benny Hamfleet,6 Clove Park,Louisville,KY,40293
Deeyn Bedome,83 International Park,Rochester,NY,14683
Clovis Chstney,1303 Mariners Cove Drive,Oklahoma City,OK,73190
Sephira Springett,83 East Trail,Decatur,IL,62525
Ara Cuncliffe,032 Briar Crest Hill,Bethesda,MD,20892
Ardys Langthorne,114 Manufacturers Way,Philadelphia,PA,19196
Rollo Mainstone,7 Del Mar Alley,Aurora,CO,80015
Cherise Antognazzi,547 Macpherson Point,Tampa,FL,33673
Sancho Petkovic,482 Erie Plaza,Peoria,IL,61605
Byrom Faloon,8359 Bellgrove Circle,Newport Beach,CA,92662
Jemmy Gabbidon,29427 Pawling Junction,Phoenix,AZ,85015
Thorn Tregunna,365 Corscot Place,Peoria,IL,61635
Tallie Fredy,951 Thompson Center,Charlotte,NC,28289
Jolynn Learoid,8 Macpherson Parkway,Silver Spring,MD,20904
Monro Ratnage,67 Nevada Plaza,Portsmouth,NH,00214
Kati Ridings,64 Jenifer Trail,Brooklyn,NY,11231
Shaylyn Carberry,337 Anthes Parkway,Omaha,NE,68124
Ulrica Baton,83 School Hill,Indianapolis,IN,46231
Flo Resun,7 Superior Lane,Nashville,TN,37245
Jocko Brusby,69 Evergreen Point,Newport Beach,CA,92662
Teressa Kleinhaut,03 Steensland Circle,Chattanooga,TN,37410
Letisha Kropp,07530 Browning Hill,Orlando,FL,32885
Avery Junes,5 Karstens Way,Tulsa,OK,74193
Estrella Goodier,45 Blaine Center,Springfield,IL,62794
Townsend Timmins,47 Prairieview Lane,New Orleans,LA,70187
Michel Dawidowicz,335 Chive Drive,Tacoma,WA,98411
Lishe Windram,8527 Mockingbird Pass,Minneapolis,MN,55458
Brennen Lorrimer,542 Prairie Rose Way,Peoria,IL,61605
Chad Keepin,808 Lakewood Gardens Way,Montgomery,AL,36109
Antonia Popeley,5351 Leroy Lane,Boston,MA,02163
Ara Fawcett,3160 Nelson Point,Omaha,NE,68144
Babette Laughlin,7694 Melody Court,Raleigh,NC,27658
Pris McKimmie,9600 Goodland Crossing,Stockton,CA,95219
Mariele Wand,42 Texas Place,Danbury,CT,06816
Cesare Duplan,7 School Park,Memphis,TN,38143
Berty Simone,362 Chive Street,Birmingham,AL,35220
Cart Janzen,1 Scofield Crossing,Conroe,TX,77305
Bunni Giannazzo,2041 Tomscot Pass,Indianapolis,IN,46216
Theodora Iianon,6 Almo Court,Berkeley,CA,94705
Rowan Surmon,06863 Texas Junction,Anaheim,CA,92812
Arch Jenman,594 Starling Court,Washington,DC,20244
Ivan Broadhurst,9602 Shoshone Alley,Petaluma,CA,94975
Freedman Whilder,2943 Upham Center,Zephyrhills,FL,33543
Renault Pilbury,20907 Duke Trail,Las Vegas,NV,89155
Giavani Boulter,20368 Armistice Junction,Clearwater,FL,34629
Sander Uphill,21969 Briar Crest Lane,Springfield,MA,01152
Eilis Aubry,243 Sloan Pass,Toledo,OH,43699
Blaine Vain,226 Scofield Court,Garden Grove,CA,92645
Lilas Lumm,439 Northland Lane,Fresno,CA,93750
Joell Ventum,0315 Gina Circle,Knoxville,TN,37931
Etan Shea,43 Heffernan Point,Raleigh,NC,27621
Sofie Goodoune,4836 Cottonwood Park,Boulder,CO,80310
Corabel McCalum,86421 Tennyson Street,El Paso,TX,88514
Bernelle Jefferson,04305 Oxford Parkway,Philadelphia,PA,19109
Maura Shafto,26 Clyde Gallagher Road,Cleveland,OH,44125
Tabbie Matteo,004 Eggendart Way,Detroit,MI,48211
Maryjo Ellesmere,0 Mcguire Avenue,Washington,DC,20456
Celinda Nolton,006 Boyd Circle,El Paso,TX,88553
Johnath McCurtin,5951 Toban Court,Philadelphia,PA,19184
Caria Gye,26 Farragut Point,Indianapolis,IN,46226
Caressa St Angel,91 Schurz Drive,Washington,DC,20380
Gelya O'Riordan,009 Schmedeman Junction,Rockville,MD,20851
Allie Noad,9 Brown Court,Minneapolis,MN,55458
Trstram Hestrop,19781 Melody Park,Omaha,NE,68144
Dominique Smowton,62 Northland Avenue,Lafayette,IN,47905
Jamil Dron,84089 Emmet Park,Saint Louis,MO,63116
Stillman Burehill,32 Moulton Way,El Paso,TX,88514
Kristan Giacopelo,170 Brown Avenue,Henderson,NV,89074
Adrianna Sywell,604 5th Road,Aurora,IL,60505
Vida Buddle,6 Mallory Junction,Lees Summit,MO,64082
Berny Rubinov,4804 American Plaza,Winter Haven,FL,33884
Angel Grenshiels,32501 Cody Court,Santa Monica,CA,90410
Alexio Landor,33819 Park Meadow Lane,Saint Louis,MO,63180
Ervin Plant,9474 Continental Crossing,Columbia,SC,29215
Renata Gleave,0275 Caliangt Circle,Anchorage,AK,99507
Koralle Cowerd,8984 Oxford Road,Shreveport,LA,71105
Dall Bedingfield,96652 Stone Corner Road,Wilkes Barre,PA,18706
Alessandro Cranidge,44 Messerschmidt Crossing,Garland,TX,75044
Hannah Tuxell,5 Barby Center,Norfolk,VA,23509
Jonathan Crewes,305 Anzinger Lane,El Paso,TX,88563
Veriee Biner,598 Fulton Avenue,Shreveport,LA,71151
Caldwell Foli,0518 Darwin Point,Roanoke,VA,24029
Dani Shackle,55845 Rusk Avenue,Philadelphia,PA,19160
Emera Brown,6 Lakeland Alley,Washington,DC,20546
Lorinda Andersch,90160 Forest Dale Plaza,Memphis,TN,38188
Yoshi Dimitrescu,581 Mcguire Circle,Philadelphia,PA,19151
Court Grzeszczyk,891 Westridge Plaza,Hicksville,NY,11854
Jacinthe Warricker,75 Corscot Junction,New York City,NY,10150
Kearney Nitti,751 Melody Drive,El Paso,TX,88535
Marleen Hazeltine,15477 Debs Circle,Chicago,IL,60646
Tanny Tuerena,5231 Dahle Hill,High Point,NC,27264
Rosco Delhay,509 Troy Plaza,Kalamazoo,MI,49048
Tito Konmann,370 Brown Avenue,Oklahoma City,OK,73124
Durant Rickards,4 Bultman Street,Las Vegas,NV,89110
Deny Yallop,2544 Fremont Road,Augusta,GA,30905
Augie Lesmonde,295 Sachs Street,Phoenix,AZ,85062
Errol Wermerling,2 Little Fleur Place,Waco,TX,76796
Osborn Gairdner,6 Hansons Crossing,Providence,RI,02905
Ruthi Sunnex,67853 East Road,Seattle,WA,98127
Gardy Huguet,1542 Mosinee Street,Bronx,NY,10469
Todd Mougenel,140 2nd Pass,Miami,FL,33180
Darrick McMeekan,4 Colorado Way,Columbia,SC,29203
Arni Trillow,60225 Laurel Way,Bethesda,MD,20892
Tommy Iacovielli,76 Lien Center,Bronx,NY,10474
Romola Beacham,351 Sauthoff Alley,Champaign,IL,61825
Lin Ech,132 Hovde Terrace,Philadelphia,PA,19141
Esther Giroldi,4 Spenser Alley,Sacramento,CA,95818
Mag Fozard,22 Elmside Avenue,Charleston,WV,25305
Bernard Floodgate,5 Hollow Ridge Center,Ventura,CA,93005
Pepito Bertlin,98 Tomscot Street,Iowa City,IA,52245
Gannon Payler,42371 Hoepker Point,Fresno,CA,93715
Trude Rigbye,8511 Brickson Park Hill,Erie,PA,16522
Deborah Murford,70836 Ryan Road,Salt Lake City,UT,84152
Sutherlan Brawson,34650 Buell Avenue,Minneapolis,MN,55436
Regina Rizzolo,153 Ludington Avenue,Bismarck,ND,58505
Meier Oxer,9576 Macpherson Way,Youngstown,OH,44555
Todd Spight,404 Golf Trail,Anaheim,CA,92812
Leoline Luberto,6950 Gerald Trail,Virginia Beach,VA,23459
D'arcy Sowden,4 Sunbrook Drive,Kansas City,MO,64193
Bradley Lambourne,99056 Graceland Road,Pittsburgh,PA,15205
Mickey Ladyman,8129 Linden Way,Palmdale,CA,93591
Bria De Meis,6 Dwight Parkway,Fort Lauderdale,FL,33336
Harriette Consterdine,9241 Banding Plaza,Cincinnati,OH,45249
Corenda D'Oyly,25572 Fairview Park,Dallas,TX,75226
Kenneth Jess,2 Sutteridge Crossing,Chicago,IL,60604
Mickie Chadwell,620 Dryden Alley,Monticello,MN,55590
Malissia Hartness,2 Fremont Hill,Los Angeles,CA,90020
Reynard Jaynes,7 Logan Way,Pompano Beach,FL,33064
Latisha Cutforth,2590 Bobwhite Court,New York City,NY,10014
Berny Ashbe,471 Debra Street,Miami,FL,33142
Alano Dullard,302 Novick Terrace,Charlotte,NC,28235
Willa Nortcliffe,1 Upham Avenue,Columbia,SC,29225
Caron Miller,17721 Carey Terrace,Lansing,MI,48912
Cyril Largent,12 Waywood Place,Lafayette,LA,70593
Christoph Sudworth,775 Schiller Alley,Columbus,OH,43215
Pammy Biddles,959 Ruskin Drive,San Bernardino,CA,92424
Rosita Aizikowitz,87768 Moose Circle,Oakland,CA,94660
Sergei Simkin,175 Grasskamp Center,Atlanta,GA,31136
Kiah Tethacot,1 Hayes Hill,Hamilton,OH,45020
Alisha Shillitto,5 Judy Avenue,Bismarck,ND,58505
Kingsley Casebourne,20 Sommers Park,Philadelphia,PA,19178
Massimiliano Fairest,2 Melvin Center,Rochester,NY,14614
Roshelle Predohl,4 Bellgrove Plaza,Harrisburg,PA,17126
Bertina Blackwood,14696 Arizona Way,San Antonio,TX,78245
Clayborn Pawlaczyk,9146 Dovetail Point,Flint,MI,48505
Lea Matyushonok,660 Thackeray Alley,Raleigh,NC,27690
Jan Batty,2532 Jana Parkway,Kansas City,MO,64179
Angelita Botright,6 Steensland Lane,Aurora,IL,60505
Katinka Wickwarth,271 Harbort Way,Oklahoma City,OK,73147
Karissa Tidridge,71 Superior Drive,Scottsdale,AZ,85255
Courtney Frederick,205 Vermont Road,Charlotte,NC,28205
Ker Alf,4 Carey Alley,Tampa,FL,33694
Charlton Rannald,787 Barby Parkway,Pasadena,CA,91199
Shellysheldon Chrichton,6 6th Place,New Haven,CT,06538
Gavrielle Alwell,0459 Mosinee Hill,Shawnee Mission,KS,66205
Jayne Bettington,192 Packers Place,Erie,PA,16550
Micaela Ribou,92393 Comanche Drive,Rockford,IL,61110
Gates Clandillon,41840 Erie Alley,Baltimore,MD,21216
Joleen Stammers,990 Florence Center,Cape Coral,FL,33915
Currie McGuigan,65284 Larry Point,Macon,GA,31217
Wayland Debell,33 Bluestem Hill,San Francisco,CA,94169
Willdon Ashlin,65684 Stang Pass,Miami,FL,33134
Thorpe O' Timony,9 Ridgeview Circle,Van Nuys,CA,91406
Moshe Lewsam,730 Meadow Valley Drive,New York City,NY,10260
Pall Mews,00 Lawn Pass,Bloomington,IL,61709
Talyah Beaten,734 Grover Place,Toledo,OH,43656
Karla Barneville,76 Fulton Parkway,Chattanooga,TN,37405
Marcel Worsfield,686 Sloan Avenue,Woburn,MA,01813
Galina Exeter,1296 Hoepker Trail,Wilmington,NC,28410
Cathi Eakley,861 Stuart Pass,Texarkana,TX,75507
Alva Ech,3 Bluestem Alley,Lima,OH,45807
Lyon Guildford,9 Saint Paul Way,Portland,OR,97221
Gradey Wichard,68 Milwaukee Circle,Birmingham,AL,35242
Retha Gilman,14562 Bashford Circle,Lehigh Acres,FL,33972
Natassia Basnall,0890 Vermont Terrace,Louisville,KY,40233
Doris O'Caine,7308 Esker Street,Long Beach,CA,90847
Babara Southward,770 Shoshone Trail,Hartford,CT,06120
Laurena Crannach,04588 Brentwood Hill,Shreveport,LA,71151
Franciskus Golley,3 Stephen Center,Washington,DC,20404
Vanya Gascone,612 Westerfield Road,Baltimore,MD,21216
Lanni McArthur,6 Sommers Alley,Milwaukee,WI,53210
Melloney Edel,39 Logan Place,Lincoln,NE,68531
Biron Lippitt,29 Randy Drive,Las Cruces,NM,88006
Paola Donneely,0494 Miller Road,Palm Bay,FL,32909
Darwin Summerhayes,25 Emmet Alley,Columbus,OH,43240
Isa Sleath,50505 Erie Center,Reading,PA,19610
Lizbeth Garfoot,39 Fair Oaks Park,North Las Vegas,NV,89036
Iver Pinchbeck,62 Sachs Parkway,Tulsa,OK,74141
Damara Tax,4106 Fuller Drive,Houston,TX,77266
Elizabeth Rogeron,09188 Prentice Center,Arlington,TX,76096
Jedd Windous,97 Hallows Junction,Brooklyn,NY,11210
Mareah Doylend,2077 High Crossing Trail,New York City,NY,10170
Noland Clawsley,1220 Donald Road,New York City,NY,10275
Betsy Gristock,36 Melrose Junction,Washington,DC,20566
Jennine Brownill,52 Hoard Plaza,Oxnard,CA,93034
Jenelle Kornyakov,32 Packers Parkway,Fargo,ND,58122
Holli Cowwell,29301 David Pass,Mountain View,CA,94042
Arleen Tarpey,3 Bartillon Park,Pittsburgh,PA,15205
Ryun Cruddas,2606 Westridge Park,Dallas,TX,75265
Hally Swayte,7 Brentwood Avenue,Austin,TX,78783
Gretta Girauld,12 Pleasure Lane,Columbia,SC,29203
Noellyn Shakeshaft,75786 Del Mar Terrace,Laredo,TX,78044
Burtie Lanfranchi,88 Derek Pass,Arlington,VA,22234
Traci Dowears,1 Burrows Alley,Washington,DC,20546
Diane Cowope,4 Sullivan Terrace,Spokane,WA,99220
Barde Million,92 Mcbride Road,Rochester,NY,14614
Olva Fosse,099 Buena Vista Street,Miami,FL,33111
Stacie Gillam,58 Jackson Circle,Huntington,WV,25770
Brodie Symms,1904 Ryan Center,Little Rock,AR,72215
Matthiew Thaller,96 Cardinal Center,Wichita,KS,67210
Esra Keme,9191 Northridge Trail,Pittsburgh,PA,15225
Corabelle Gillmore,969 Weeping Birch Avenue,Oceanside,CA,92056
Dollie Madgewick,084 Village Green Center,Reading,PA,19610
Brice Arne,42 Tennessee Street,San Antonio,TX,78235
Leland Gniewosz,3522 Mandrake Drive,Las Vegas,NV,89130
Alisander Baumler,66645 Trailsway Circle,Anchorage,AK,99517
Seward Young,988 American Ash Center,Amarillo,TX,79118
Shaw Stockford,813 Katie Plaza,Minneapolis,MN,55470
Kathryn Genever,39 Green Center,Birmingham,AL,35205
Felicia Rawdales,841 Jay Alley,Anniston,AL,36205
Mordy Letson,39 Westend Crossing,New York City,NY,10019
Cristiano Krienke,8 Pine View Crossing,Pompano Beach,FL,33075
Carry Heathorn,6558 North Street,Jackson,MS,39216
Royal Sloam,5 Gina Hill,Salinas,CA,93907
Riki Bettanay,54814 Namekagon Drive,Oklahoma City,OK,73119
Kylila Rate,44300 Johnson Street,Louisville,KY,40287
Aldous Hiland,650 Knutson Court,San Francisco,CA,94105
Garvey Bernat,7 Cottonwood Lane,Hattiesburg,MS,39404
Di Jaffa,5637 Manufacturers Court,Charleston,WV,25331
Kiri Seldon,018 Stoughton Pass,Pensacola,FL,32590
Colleen Strotton,5 Quincy Way,New York City,NY,10155
Roger Chancellor,2 Stoughton Drive,Appleton,WI,54915
Alistair Nicklinson,6189 Merchant Place,Mobile,AL,36628
Teresita Finker,95654 Pawling Way,Philadelphia,PA,19141
Clemmie Gumly,2 Macpherson Pass,Fresno,CA,93715
Crawford July,45815 Fairfield Court,Bradenton,FL,34205
Brade Verdey,3795 Kinsman Pass,Winston Salem,NC,27110
Layney Crathern,553 Little Fleur Terrace,Lafayette,LA,70505
Noll Dene,5799 Lighthouse Bay Junction,Jacksonville,FL,32230
Paige Vautre,964 Carpenter Pass,Madison,WI,53710
Dory Stendall,33 Elka Trail,Chattanooga,TN,37410
Maximilianus Georgi,782 Everett Road,Carol Stream,IL,60351
Dory Purton,86528 Stang Circle,Fort Lauderdale,FL,33320
Malvina Hackney,868 Golf Course Way,Newark,NJ,07188
Tonye Fontel,65 Valley Edge Court,Chicago,IL,60609
Mamie Brimelow,1585 Service Junction,Melbourne,FL,32919
Vicki Fessby,79674 Morning Way,Seattle,WA,98195
Peter Janew,75814 Waywood Court,Memphis,TN,38168
Evelina Kyffin,77 Huxley Road,Sioux Falls,SD,57105
Beale Bisiker,94690 Helena Park,Raleigh,NC,27658
Hyacinth Yukhnevich,5758 Dexter Way,Miami,FL,33245
Abrahan Probert,0864 Northview Center,Waco,TX,76705
Isac Holgan,16697 Artisan Avenue,Denver,CO,80209
Tim Challoner,4019 Manufacturers Avenue,Washington,DC,20029
Cookie Karpushkin,762 Chinook Point,Pomona,CA,91797
Alyssa Baldam,913 Marquette Crossing,Fort Wayne,IN,46867
Christyna Darleston,3 2nd Street,Norfolk,VA,23509
Kevyn Fiddy,90773 Moulton Drive,Simi Valley,CA,93094
Magdalena Cashman,9 Rusk Lane,Austin,TX,78778
Lenna Yapp,35511 Quincy Drive,Pittsburgh,PA,15220
Astrid Gilliat,3838 Myrtle Point,Boise,ID,83732
Chandra Cruse,70220 Spohn Pass,Salt Lake City,UT,84125
Aaron Averay,6053 Alpine Way,Watertown,MA,02472
Mia Fenny,19 Spaight Alley,Providence,RI,02905
Berti Ollarenshaw,8422 Marcy Street,Las Vegas,NV,89193
Carilyn Boman,4 Cherokee Court,Fort Worth,TX,76105
Kathlin Dadley,1 La Follette Crossing,Columbus,OH,43220
Lorilyn Lownsbrough,779 Eggendart Court,Conroe,TX,77305
Nolly Nassau,38 Fairview Pass,Des Moines,IA,50981
Claybourne Shwalbe,4 Wayridge Court,Springfield,VA,22156
Stacy MacGaughy,658 Carioca Hill,Richmond,VA,23293
Crichton Carpenter,73583 Brentwood Circle,Provo,UT,84605
Kenon Scrivinor,31 Dakota Road,Evanston,IL,60208
Oralla Rickard,9 Twin Pines Place,Hartford,CT,06160
Wilhelmina Bullimore,4699 Meadow Ridge Way,Modesto,CA,95354
Mitzi Querrard,40 Westport Alley,Port Washington,NY,11054
Rodney Potticary,41 Milwaukee Parkway,Miami,FL,33147
Cesare Linham,24 Melody Avenue,Las Vegas,NV,89105
Chrysa Popelay,9 Lyons Plaza,Indianapolis,IN,46247
Carson McOrkill,8567 West Circle,Washington,DC,20575
Tabor Hinchon,69201 Anniversary Road,Stockton,CA,95219
Valery Iddon,13893 Crescent Oaks Lane,Aurora,CO,80044
Ignaz Prall,9970 Springs Avenue,Lake Worth,FL,33467
Avery Haldane,135 Wayridge Road,Clearwater,FL,34620
Hana Atter,4 Springview Point,West Hartford,CT,06127
Christi Beckham,04 Kenwood Pass,Tulsa,OK,74108
Stella Suttell,8351 Gateway Park,Evanston,IL,60208
Inessa Beeke,44 Doe Crossing Park,Albuquerque,NM,87121
Rowland Willes,7 Nelson Pass,Eugene,OR,97405
Latrina Nangle,8 Badeau Lane,Pittsburgh,PA,15230
Kathleen Gillet,0 Fordem Junction,Worcester,MA,01605
Saba Mabbutt,1 Mccormick Crossing,Washington,DC,20319
Bob Imorts,2508 Dwight Lane,Birmingham,AL,35295
Bryant Seamen,53 Dawn Parkway,Hampton,VA,23663
Juliann Bridal,55 Schiller Avenue,Rockford,IL,61105
Edd Tice,18 Valley Edge Street,New York City,NY,10292
Maggie Paulson,5495 Farmco Trail,Jackson,MS,39296
Brian Towsie,7521 Mendota Alley,Chicago,IL,60686
Kellsie Klaus,6 Amoth Crossing,Tucson,AZ,85710
Randolph Pavitt,74539 Jay Alley,Naples,FL,34114
Donnell Aked,0994 Blaine Trail,Midland,MI,48670
Ravi Petracco,818 David Terrace,Toledo,OH,43656
Yehudit Cockerham,9932 Milwaukee Junction,Daytona Beach,FL,32123
Danni Fores,508 Namekagon Alley,Atlanta,GA,30375
Samuele Foston,3 Autumn Leaf Hill,Lehigh Acres,FL,33972
Lancelot McGuiney,0983 Schmedeman Avenue,Lincoln,NE,68583
Marcelo Mcimmie,41 Summerview Point,Toledo,OH,43699
Celinka Bolzmann,16 Macpherson Terrace,Kansas City,KS,66112
Glenden Sanches,491 Cascade Alley,Glendale,AZ,85305
Mariya Tonna,373 Killdeer Parkway,Louisville,KY,40298
Kacie Viegas,2726 Mallory Park,Dallas,TX,75367
Devi Steptow,8407 Kipling Terrace,Las Vegas,NV,89140
Robinette Mullinger,87337 Swallow Plaza,San Rafael,CA,94913
Rodolphe Fogden,3255 Eastlawn Place,Peoria,IL,61651
Horten Jery,83659 Coolidge Way,Bethesda,MD,20816
Traver Forestall,5 Rockefeller Lane,Jefferson City,MO,65110
Bengt Heine,86 Eagle Crest Crossing,Montgomery,AL,36125
Abe Ackerley,4087 Kings Place,Columbia,MO,65218
Drugi Booeln,9 Weeping Birch Trail,New York City,NY,10165
Wiley Benedick,666 Warbler Plaza,Washington,DC,20530
Cesar Dinsdale,4 Chinook Circle,Carson City,NV,89706
Dylan Bradman,68 Kropf Avenue,Kansas City,MO,64142
Tadio Cassam,868 Gulseth Terrace,Buffalo,NY,14263
Calvin Redparth,8879 Anzinger Terrace,Houston,TX,77070
Thekla Matys,5 Carey Park,San Antonio,TX,78296
Starr Pluthero,8931 Division Trail,Fort Wayne,IN,46825
Albertina Loveitt,852 Chinook Drive,New Haven,CT,06510
Beaufort Dioniso,0720 Schmedeman Junction,Sioux Falls,SD,57193
Sidoney Twiddell,3 Lien Circle,Oklahoma City,OK,73179
Wendall Bum,7 Union Terrace,Portland,OR,97240
Georas Merfin,1306 Waywood Place,Irvine,CA,92612
Paola Batram,66 Fulton Crossing,Philadelphia,PA,19131
Doll Brazelton,94 West Junction,Washington,DC,20016
Caroline Duchateau,986 Prentice Pass,Washington,DC,20238
Emelia Cowley,21333 Blue Bill Park Crossing,Dallas,TX,75205
Angele Renfree,5 American Center,Saint Louis,MO,63104
Bonnee Shingfield,756 Mariners Cove Center,Baton Rouge,LA,70805
Scottie Koppens,8 Pearson Circle,Lake Worth,FL,33467
Gray Bartalot,1506 Fair Oaks Road,Los Angeles,CA,90015
Josee Silmon,70 Service Crossing,Cincinnati,OH,45218
Devin Bills,761 Ramsey Road,Philadelphia,PA,19191
Amye Gliddon,02707 Scott Circle,Gainesville,GA,30506
Vanni Pre,608 Artisan Drive,Pasadena,CA,91103
Gretel Strewther,3534 Spaight Crossing,Newark,DE,19725
Fannie Minihane,8539 Lyons Way,El Paso,TX,79984
Clem Rathjen,26353 Rigney Way,Concord,CA,94522
Carri Baxstare,0150 Homewood Pass,Washington,DC,20370
Coletta Mattersey,775 Thompson Street,Houston,TX,77095
Taddeo Gentil,642 Hoffman Point,Jamaica,NY,11431
Virgilio Keizman,7 Rigney Center,Frankfort,KY,40618
Linc Hauch,1690 Eliot Hill,North Las Vegas,NV,89036
Vasilis Sall,3 Mcbride Street,Akron,OH,44329
Harmonia Ferraretto,398 Melrose Crossing,Birmingham,AL,35242
Kimberli Blabber,2953 Melvin Pass,Chattanooga,TN,37416
Ricki Basil,34688 Rowland Alley,Washington,DC,56944
Kizzee Samper,2 Kensington Parkway,Phoenix,AZ,85053
Edith Bartkowiak,6539 Clemons Way,Waterloo,IA,50706
Cate Prestie,81 Ridgeview Place,San Francisco,CA,94142
Merry Dmitr,06136 Paget Place,Tucson,AZ,85754
Tammy Eisikovitsh,506 Sycamore Terrace,Jefferson City,MO,65110
Bruce Runsey,47 Shoshone Circle,Charleston,WV,25362
Shalna Abrahamowitcz,0 New Castle Place,Evansville,IN,47705
Sallyann Ennals,137 Waubesa Lane,San Diego,CA,92132
Alejandrina Chiese,18 Cherokee Parkway,Birmingham,AL,35244
Sonnnie Dows,1 Jana Court,Rochester,NY,14604
Iain Vasiliu,7 Dovetail Park,Columbia,SC,29240
Madonna Houndsom,15 Karstens Parkway,Washington,DC,20226
Valentin Dovey,54 Lunder Street,New Haven,CT,06533
Con Reisenstein,4 Grayhawk Center,North Las Vegas,NV,89036
Chandra Mullard,841 Gateway Point,Los Angeles,CA,90040
Kele Troker,793 Forest Dale Drive,Abilene,TX,79605
Dido Anstis,748 Acker Place,Cincinnati,OH,45218
Farlay Jeannaud,53888 Dorton Street,Lincoln,NE,68505
Albina Wincott,83191 Norway Maple Lane,Rochester,NY,14604
Caryl Williamson,101 8th Street,Hartford,CT,06152
Torie Wolfit,7 Starling Drive,Redwood City,CA,94064
Starlin Ormistone,9 Merchant Trail,Homestead,FL,33034
Cynde Ludl,28 Ilene Alley,Northridge,CA,91328
Terrye Mival,6 Merrick Lane,Miami Beach,FL,33141
Sonya Gethings,33 Waxwing Crossing,Memphis,TN,38114
Allin Feaks,93415 Reinke Plaza,Arlington,VA,22212
Tanitansy Rutt,224 Namekagon Lane,Denton,TX,76210
Loralee Burgyn,74 Wayridge Way,Austin,TX,78710
Clemmy Izzat,93 Del Sol Lane,Moreno Valley,CA,92555
Lazaro Mensler,06 Merry Hill,Washington,DC,20029
Jazmin Emlen,83290 Gerald Street,San Jose,CA,95128
Mitchel Dan,4884 Butternut Street,Cheyenne,WY,82007
Colly Streater,268 Mccormick Avenue,Tallahassee,FL,32309
Storm Castellino,78734 Oxford Alley,Kingsport,TN,37665
Delano Grave,7 Moose Drive,Shawnee Mission,KS,66220
Jervis Chastand,9 Raven Park,San Jose,CA,95173
Albertine Angeau,3429 Sunfield Junction,College Station,TX,77844
Heidi Wychard,463 Lakewood Gardens Avenue,Buffalo,NY,14205
Kahlil Duligal,7 Lakewood Circle,Baton Rouge,LA,70883
Andrea Ridout,65 Jackson Drive,Kansas City,KS,66105
Hannie Sweetman,91369 Mcbride Lane,Berkeley,CA,94712
Zuzana Sibthorpe,071 Eggendart Avenue,Clearwater,FL,33763
Frasco Ronchka,6717 Summerview Road,Muncie,IN,47306
Bancroft Dell'Abbate,96 Westridge Park,Birmingham,AL,35215
Orelle Kell,9 Hermina Trail,Fort Wayne,IN,46852
Pyotr Hassekl,92482 Warrior Pass,Mobile,AL,36616
Claire Witcomb,44 Independence Terrace,Burbank,CA,91520
Amandie Brasier,55 Burning Wood Pass,El Paso,TX,79968
Cullen Blewett,2 Barnett Point,Glendale,AZ,85311
Kesley Gosnall,7525 Dayton Drive,Madison,WI,53705
Emilia Beelby,23 Pierstorff Center,Washington,DC,20370
Curtice Birkmyr,93 Eagle Crest Avenue,Johnstown,PA,15906
Karyl Giacomuzzo,993 Fieldstone Junction,Spartanburg,SC,29305
Ivie Tedstone,92 Aberg Place,Fresno,CA,93786
Tricia Arp,60793 Westend Circle,Valley Forge,PA,19495
Lucius Cogle,0 La Follette Center,Albany,NY,12262
Kelli McClymont,65 Continental Avenue,Knoxville,TN,37919
Darelle Karolewski,3 Gale Circle,New Haven,CT,06505
Fae Whisson,1851 Toban Park,Baltimore,MD,21229
Tabatha Dubery,114 Muir Pass,Minneapolis,MN,55487
Nanny Harriman,2257 Havey Avenue,Young America,MN,55551
Wynne Wrixon,23 Darwin Way,Lakewood,WA,98498
Madelaine Thomerson,0373 Bluejay Crossing,Hollywood,FL,33028
Brendis Drysdale,3 Hudson Junction,Stamford,CT,06922
Tobe Ellerby,0279 Northview Junction,Miami,FL,33283
Terrance Kaes,86224 Crescent Oaks Hill,Seattle,WA,98148
Gail Casse,1 Heath Junction,Glendale,CA,91210
Zaneta Rentelll,266 Bellgrove Crossing,Shawnee Mission,KS,66210
Tonnie Itzkin,87 Autumn Leaf Point,Lexington,KY,40596
Oriana Di Ruggiero,26020 Vera Park,Atlanta,GA,30358
Liam Fisk,2717 Garrison Crossing,Fort Worth,TX,76178
Cheslie Goulter,04663 Sunnyside Center,Atlanta,GA,30301
Roxana Ferries,46 Talisman Park,Bakersfield,CA,93386
Carmine Sandom,97 Di Loreto Court,Paterson,NJ,07522
Gibby Sager,4 Welch Parkway,Washington,DC,20503
Wilow Rouke,27232 Kingsford Drive,Pensacola,FL,32511
Alvin Sebley,139 Warner Point,Woburn,MA,01813
Gifford Rosoman,58434 Anhalt Parkway,Waterbury,CT,06726
Dael Roycroft,2571 Sutherland Center,Pasadena,CA,91117
Branden Portchmouth,2 Shelley Court,Richmond,VA,23228
Debbi Grassett,72 Sugar Way,Honolulu,HI,96810
Dar Waggatt,6 Karstens Road,Henderson,NV,89012
Paulie Bethell,61062 Independence Road,Corpus Christi,TX,78410
Nedda Claibourn,924 Kensington Crossing,Miami,FL,33169
Justus Loader,2246 Surrey Pass,El Paso,TX,88589
Evelyn Recher,34048 Shelley Pass,Decatur,GA,30033
Elvis McLucky,2142 Evergreen Trail,Philadelphia,PA,19141
Clarice Coulsen,237 Mcbride Terrace,Kent,WA,98042
Clarette Yegorkov,33469 Mitchell Lane,Toledo,OH,43656
Saudra Dibbs,83496 Warbler Trail,Pasadena,CA,91109
Galvin Atcheson,1374 Heath Street,Minneapolis,MN,55487
Shelley Thomazet,252 Atwood Point,Albany,NY,12247
Dorri Coghill,91 Banding Way,Cleveland,OH,44125
Ashli Navein,92942 Hazelcrest Plaza,Salt Lake City,UT,84135
Darrell Starten,16 Trailsway Center,Jackson,MS,39282
Wynnie Saint,140 Scofield Court,Utica,NY,13505
Elladine Lyall,73 Londonderry Parkway,Albuquerque,NM,87121
Constantia Wintringham,22 Morrow Park,Salt Lake City,UT,84199
Lucita Withinshaw,620 Sherman Park,Chicago,IL,60624
Malva Kirckman,30643 Cody Terrace,Columbus,OH,43268
Thurston Letham,2 Rieder Pass,Pasadena,CA,91186
Cleopatra Drohane,588 Sloan Terrace,Philadelphia,PA,19125
Kalina Lafuente,60 Armistice Way,Bakersfield,CA,93311
Heidie Earingey,42341 Gale Circle,Des Moines,IA,50315
Brigitte Silvermann,41053 Briar Crest Court,Huntington,WV,25770
Mitchell Lilleyman,61556 Bonner Point,Sacramento,CA,94286
Mason Haugen,6131 Jenifer Hill,Pittsburgh,PA,15205
Vasili Scutts,57 Nancy Park,Brockton,MA,02405
Raye Lias,7808 Buena Vista Junction,Mobile,AL,36628
Riannon Sewter,674 Fulton Drive,Tacoma,WA,98405
Nick Stonier,13697 Amoth Circle,Brooklyn,NY,11225
Octavia Barnard,63913 Hoepker Court,Phoenix,AZ,85005
Flori MacBrearty,11450 Carpenter Junction,West Palm Beach,FL,33411
Cornelius Placstone,55763 Beilfuss Terrace,Boston,MA,02119
Kort Agius,4251 Hayes Parkway,Huntington,WV,25775
Magdalena Pitherick,7 Shopko Terrace,Charleston,SC,29424
Jillian Shearwood,291 Trailsway Drive,Lake Worth,FL,33462
Theodoric Randall,4 Bunting Terrace,Baltimore,MD,21239
Leilah Slucock,87028 Glacier Hill Hill,Lexington,KY,40576
Chelsy Beevors,56 Linden Park,Scottsdale,AZ,85271
Gib Britian,37 Heath Terrace,Alexandria,VA,22313
Teirtza Finlay,4 Onsgard Court,Tucson,AZ,85710
Wilfrid Goodhand,0095 Katie Center,Houston,TX,77245
Corene Adamides,9 Stoughton Center,Honolulu,HI,96845
Kahlil Longworthy,25 Truax Lane,Riverside,CA,92513
Flossy Weekes,21591 Northfield Parkway,Orlando,FL,32868
Burton Lanbertoni,7 Susan Trail,Norfolk,VA,23551
Ker Blakeley,96679 Miller Pass,Cleveland,OH,44118
Geoffrey Rennenbach,2152 Moose Point,Colorado Springs,CO,80910
Alice Rudram,04 Arizona Hill,Miami,FL,33134
Tonia Margaritelli,816 Monument Park,Kalamazoo,MI,49006
Elisabetta Innman,6 Red Cloud Terrace,West Palm Beach,FL,33416
Ricca Lias,65 Ruskin Center,Birmingham,AL,35295
Kriste Hands,988 Calypso Court,Tucson,AZ,85754
Audrye Corbin,258 Manitowish Point,Anaheim,CA,92825
Christabel Regglar,91 Briar Crest Street,Milwaukee,WI,53285
Alix Handscomb,4724 Sheridan Pass,Arlington,VA,22205
Odie Struther,99 Anniversary Court,Fort Pierce,FL,34981
Silvio Stepney,6600 Esker Terrace,Seattle,WA,98140
Dorey Faussett,4254 Miller Crossing,Saint Petersburg,FL,33705
Maxine Alexsandrov,8081 Hayes Trail,Daytona Beach,FL,32123
Hollis Flippen,339 Twin Pines Park,Newton,MA,02162
Olympia Beven,1884 Northfield Drive,Fort Worth,TX,76115
Katrina Keates,5872 Stang Junction,Miami,FL,33153
Janek Glasbey,15234 Banding Center,Santa Ana,CA,92725
Luz Bartels-Ellis,45 Armistice Place,Shreveport,LA,71161
Webb Finby,15544 Hooker Circle,El Paso,TX,88579
Kellie Bitten,4736 Fremont Junction,Shreveport,LA,71115
Corrie Wilbor,2622 Ruskin Place,Charlotte,NC,28230
Chane Resdale,2058 Drewry Park,Milwaukee,WI,53225
Nevsa Keefe,1621 Leroy Pass,Newport Beach,CA,92662
Debra Spendlove,4641 Donald Center,Pittsburgh,PA,15266
Minetta Tomaszek,203 Sullivan Avenue,El Paso,TX,79945
Velvet Grigolashvill,096 Carioca Parkway,Fort Wayne,IN,46852
Allyson Josskovitz,281 Hauk Crossing,Charleston,WV,25326
Stanly Deble,80 Marcy Lane,Pompano Beach,FL,33064
Emmerich Heberden,25 Delaware Street,Pasadena,CA,91125
Shelbi Bazeley,43569 Sherman Road,Dayton,OH,45432
Richardo Kaines,15854 Buell Park,Schenectady,NY,12305
Minni Nazair,37 Sachs Trail,Baton Rouge,LA,70805
Davie Alejandri,15899 Stephen Circle,Boca Raton,FL,33432
Kimble Grzegorek,620 Paget Place,Jacksonville,FL,32259
Zenia Bispham,39210 Quincy Center,Midland,MI,48670
Barbe Ginsie,755 Union Road,Bronx,NY,10469
Shelley Persse,68 Iowa Crossing,Dallas,TX,75353
Karalee Ruffle,00 Laurel Terrace,North Little Rock,AR,72199
Jany Colter,14 Logan Hill,Indianapolis,IN,46247
Allie Wardhaugh,7229 Leroy Pass,Kansas City,MO,64149
Sinclare Joseph,4002 Hanover Parkway,Decatur,GA,30089
Ellwood Oatley,20 Thackeray Way,Saint Louis,MO,63104
Yule Avramow,140 Fair Oaks Point,Young America,MN,55573
Louie Ough,18702 Elgar Center,Des Moines,IA,50315
Dedie MacNair,9224 Emmet Junction,Phoenix,AZ,85020
Frazier Matityahu,261 Monument Road,Tallahassee,FL,32314
Beltran Surmon,158 Union Park,Cleveland,OH,44105
Buddy Evennett,33 Talmadge Circle,Kansas City,KS,66105
Filippo Ziemen,8797 International Drive,Santa Ana,CA,92725
Rorie Ronisch,731 Sugar Trail,Phoenix,AZ,85062
Reynard Benger,689 Eastlawn Parkway,New York City,NY,10039
Bette Cranton,96 Lighthouse Bay Trail,Roanoke,VA,24040
Ferrell Meegan,00661 Red Cloud Terrace,Arlington,TX,76004
Patrice Grinaugh,1 Coleman Way,Hyattsville,MD,20784
Kimble Denington,85033 Declaration Street,Buffalo,NY,14233
Farra Bengough,87001 Donald Lane,Winston Salem,NC,27110
Gunter Mouncher,80 Artisan Terrace,Baton Rouge,LA,70883
Riordan Canto,34040 Dahle Park,Houston,TX,77260
Natala Elijahu,601 3rd Plaza,San Francisco,CA,94147
Jessalyn Burds,6 Novick Circle,Syracuse,NY,13217
Mikaela Rayburn,65 Bartillon Parkway,San Antonio,TX,78296
Roxane Forlong,71 Shopko Parkway,Saint Louis,MO,63143
Lynelle Cullingford,86 Mayfield Point,Washington,DC,20430
Jade Sarjant,98 Blackbird Avenue,Huntington Beach,CA,92648
Paulo Jerrems,7 Novick Point,Jefferson City,MO,65105
Arlyne Solomon,9541 Cottonwood Avenue,Las Vegas,NV,89178
Lyndsay Walls,13 Mendota Crossing,Tuscaloosa,AL,35487
Jenine Holberry,8 Onsgard Park,San Antonio,TX,78205
Wyn Oehm,98 Emmet Road,Suffolk,VA,23436
Collie Shurey,06552 Jackson Terrace,Reno,NV,89519
Gennie De Witt,39 5th Park,Annapolis,MD,21405
Rafa Iston,34 Becker Circle,Philadelphia,PA,19093
Marlon Hughesdon,7 Red Cloud Center,Nashville,TN,37245
Yalonda Crease,605 Oneill Hill,Jefferson City,MO,65110
Tabbatha Ormesher,39 South Terrace,Orlando,FL,32830
Sarena Jeffries,94209 Delaware Hill,San Antonio,TX,78291
Bondon Cresswell,471 Maple Junction,Milwaukee,WI,53277
Hilary Pinch,4 Charing Cross Park,Birmingham,AL,35285
Martyn Stuttard,4 Bobwhite Way,Lynn,MA,01905
Johannah Tassell,78078 Esch Lane,Madison,WI,53790
Lyn Richard,5893 Hazelcrest Lane,Riverside,CA,92505
Casar Meehan,7 Texas Park,Las Vegas,NV,89105
Sybila Luipold,9 Anniversary Lane,Dayton,OH,45490
Josiah Veck,0576 Hintze Avenue,Austin,TX,78737
Monro Barten,48 Longview Avenue,Riverside,CA,92505
Sven Yanson,6062 Mendota Alley,Monticello,MN,55585
Julieta McGillreich,49839 1st Park,Pensacola,FL,32526
Mella Roderham,2 Anthes Trail,Jacksonville,FL,32215
Ashil Agronski,06 Carey Pass,New York City,NY,10090
Bayard Perrottet,2 Forest Run Pass,El Paso,TX,79955
Luce Otter,1 Anthes Lane,Wichita,KS,67236
Wright Haydon,51 Stephen Hill,Cincinnati,OH,45233
Katherine Forsbey,407 Maple Center,Naples,FL,33963
Sheree Vinas,3010 Eagle Crest Alley,El Paso,TX,88558
Lorelei Mayall,35223 Carey Point,Kansas City,MO,64114
Husein Espada,64754 Johnson Place,Tulsa,OK,74156
Carena Boissier,3 2nd Trail,Cape Coral,FL,33915
Mary De Brett,59 Truax Avenue,Phoenix,AZ,85040
Arline Parlot,841 Mendota Center,Albuquerque,NM,87110
Samara Bayman,58238 Hoffman Trail,Modesto,CA,95354
Moria Pettengell,802 Sullivan Plaza,Lexington,KY,40546
Ranique Paver,85570 Oriole Alley,Washington,DC,20337
Agneta Chishull,5728 Derek Center,Miami,FL,33175
Jeth Bontoft,47759 Ryan Place,Phoenix,AZ,85099
Jephthah Bannon,079 Springs Terrace,Portland,OR,97232
Mattias Longson,512 Continental Park,Sparks,NV,89436
Paxon Hirschmann,0496 Reinke Circle,Buffalo,NY,14276
Jory Luckcuck,7647 Mallory Way,Saint Petersburg,FL,33715
Gale Burrow,491 Talmadge Trail,Miami,FL,33169
Bail Masson,14013 Nevada Pass,Fairbanks,AK,99709
Bernie Pulfer,57929 Towne Junction,Phoenix,AZ,85077
Stacia Sapsed,2 Mosinee Lane,Sioux Falls,SD,57110
Mill Currey,2 Monument Court,Washington,DC,20088
Julita Hatcher,99158 Carioca Circle,Bronx,NY,10464
Lesya Duncklee,39213 Emmet Junction,Seattle,WA,98121
Amargo Farren,1 Lunder Park,Cincinnati,OH,45228
Mia Rosenwald,103 Heffernan Drive,Syracuse,NY,13205
Marylin Bust,4770 School Street,Schenectady,NY,12305
Ara Houtby,46755 Comanche Pass,Mesquite,TX,75185
Perla Bellinger,116 Jana Court,Yakima,WA,98907
Hanan Lundbeck,0 Tennessee Hill,Lansing,MI,48901
Mattheus Keoghan,157 Petterle Terrace,Spring,TX,77388
Beryl O'Donoghue,625 Clarendon Parkway,Wichita,KS,67236
Chantal Tuffield,49 Luster Center,Philadelphia,PA,19141
Ernie Nicolls,0654 Clarendon Pass,Miami,FL,33180
Jakie St. Clair,6951 Cottonwood Avenue,Chicago,IL,60636
Nara Spurrier,051 Moose Park,Inglewood,CA,90310
Fay Hearson,708 2nd Way,Washington,DC,20436
Gabie Simonard,633 Schlimgen Park,Winston Salem,NC,27110
Ofilia Steeden,42 Fair Oaks Plaza,Great Neck,NY,11024
Sheila Bernath,4 Hoepker Court,Seattle,WA,98166
Dru McAster,498 Bayside Avenue,Rochester,NY,14604
Mikkel Wickham,835 Glacier Hill Way,Detroit,MI,48211
Ewen Ramsbottom,59406 Portage Hill,San Jose,CA,95118
Tiffi Gurge,2 Fallview Road,Shawnee Mission,KS,66210
Chick Weaving,465 Anderson Lane,Fresno,CA,93762
Susi Durdan,60498 Porter Place,Huntsville,AL,35895
Romola Braunston,25 Carioca Pass,Fairfax,VA,22036
Cross Boyen,06 Pankratz Plaza,Milwaukee,WI,53263
Haily Thom,21 Crescent Oaks Circle,Waterbury,CT,06705
Rebeca Peepall,84 Anhalt Lane,Houston,TX,77206
Kristen Merrick,22 Bunker Hill Court,Jamaica,NY,11431
Kermie Boreland,74388 Stephen Parkway,Rochester,NY,14646
Cecile Kauscher,9 Tomscot Terrace,Mesa,AZ,85215
Arlen Rissom,97 John Wall Terrace,Helena,MT,59623
Damita Glassford,74 Hallows Plaza,Pasadena,CA,91199
Alidia Shrawley,82080 Cambridge Junction,Waco,TX,76796
Wendye Brill,363 Reindahl Junction,Charlotte,NC,28220
Aubree Youtead,0 Milwaukee Avenue,Mansfield,OH,44905
Natalina Dickins,7016 Buena Vista Road,Philadelphia,PA,19109
Burtie Staunton,895 Morning Road,Lancaster,PA,17622
Bondy Bartrum,2744 Porter Way,Philadelphia,PA,19172
Heda Robardey,658 Ronald Regan Point,Honolulu,HI,96835
Bernadina Burghill,8093 Warner Avenue,Bradenton,FL,34205
Chaddie Pibworth,53118 5th Hill,San Diego,CA,92137
Jaimie Dungate,93 Fordem Street,Baltimore,MD,21265
Gaby Heineke,49550 Schiller Court,Naples,FL,33963
Roscoe Halliberton,14637 Warner Court,Montpelier,VT,05609
Salvatore Worster,2446 Roxbury Parkway,Lake Worth,FL,33462
Michail Challens,88812 Springview Court,Washington,DC,20425
Carleen Hoppner,3 Express Alley,Tampa,FL,33694
Araldo Petrushanko,270 Emmet Court,New Orleans,LA,70154
Jacquie Gosnell,6178 Melvin Lane,Denver,CO,80255
Bartlett Juorio,67380 Eggendart Pass,Lafayette,LA,70593
Emmye Reynold,26668 Caliangt Crossing,Boca Raton,FL,33432
Anderson Scouse,283 Derek Road,Paterson,NJ,07522
Caty Marguerite,2075 Steensland Street,Toledo,OH,43666
Kasey Amberg,3 Fuller Hill,Gatesville,TX,76598
Louie Pellingar,1 Spohn Trail,Saint Louis,MO,63110
Sabra Boeter,285 Loftsgordon Terrace,Killeen,TX,76544
Charmion Longo,373 Starling Road,Tampa,FL,33661
Jillian Dunford,2449 Division Avenue,Portsmouth,VA,23705
Margalo Winscomb,5099 John Wall Park,Chicago,IL,60604
Colin Lowings,51 Toban Street,Pasadena,CA,91117
Karmen Stukings,711 Utah Drive,Winston Salem,NC,27105
Hyacinthia O'Rudden,3380 Talmadge Road,Paterson,NJ,07505
Lissy Riding,3215 Paget Avenue,Racine,WI,53405
Tiebold Petrou,2836 Petterle Drive,Virginia Beach,VA,23464
Nicolle Eppson,8 Mccormick Terrace,San Francisco,CA,94121
Christean Flaunier,4 Parkside Street,Maple Plain,MN,55579
Coralyn Loosely,039 Oriole Lane,Newark,NJ,07195
Ted Morman,51632 Steensland Park,Palo Alto,CA,94302
Addi Ingreda,97601 La Follette Plaza,Independence,MO,64054
Maressa Shearsby,59470 Lawn Hill,Tucson,AZ,85732
Trudey Bernat,49 Golf Parkway,Chicago,IL,60641
Laney Conigsby,65 Rieder Way,Norfolk,VA,23551
Debera Buye,768 Cardinal Parkway,San Jose,CA,95128
Stephenie Beswell,4 Farwell Center,Miami,FL,33153
Annalise Busher,2539 Manufacturers Avenue,Asheville,NC,28815
Tiffi Simonnin,66161 Carey Alley,San Bernardino,CA,92415
Chase Got,6591 Cordelia Point,Murfreesboro,TN,37131
Blinny Albro,79 Anzinger Street,Saint Louis,MO,63110
Vivi Gosson,50 Elka Parkway,Lincoln,NE,68531
Winston Trosdall,9 Birchwood Lane,Syracuse,NY,13205
Manya Martinelli,5 Graedel Street,Pittsburgh,PA,15205
Arlette Durkin,361 Rusk Way,Houston,TX,77240
Nigel Baiden,31363 Kim Lane,Palmdale,CA,93591
Vicky Digwood,213 Anniversary Circle,Katy,TX,77493
Corinna Gianiello,98 Mccormick Terrace,Akron,OH,44305
Fiorenze Kelshaw,2 Pennsylvania Point,Cincinnati,OH,45213
Monica Mildmott,8 Truax Court,Sacramento,CA,95828
Valentino Gerlts,46301 Eagan Pass,Washington,DC,20210
Jillene Skitterel,55367 Ilene Way,Salt Lake City,UT,84199
Glyn Oda,16 Forest Parkway,Orlando,FL,32891
Morton Yurenev,16590 Cordelia Avenue,Washington,DC,20575
Stace Tippell,2 2nd Avenue,Minneapolis,MN,55487
Johna Astlet,513 Wayridge Hill,Seattle,WA,98158
Cele Bompass,57981 Hagan Alley,Shawnee Mission,KS,66210
Karney Philippsohn,2257 Sullivan Way,Springfield,IL,62764
Shalom Plaskett,4233 Logan Circle,Huntsville,AL,35895
Humberto Cristoforetti,168 3rd Crossing,New Castle,PA,16107
Charlean Kester,66 Caliangt Place,Amarillo,TX,79188
Nester Tilio,1 Sachs Lane,Washington,DC,20310
Lianna Edel,98751 Haas Parkway,Bonita Springs,FL,34135
Zita Sallenger,322 Talmadge Junction,Harrisburg,PA,17110
Michaeline MacGilfoyle,7 Atwood Place,Pittsburgh,PA,15255
Doralyn Lownds,0 Nelson Drive,Pasadena,CA,91125
Aldo Hrinchenko,7101 Pankratz Alley,Saint Louis,MO,63131
Robin Worrill,035 Armistice Circle,Sarasota,FL,34233
Lindy Rhoddie,6253 Dovetail Hill,New York City,NY,10090
Lyell Guirau,0597 Forest Dale Road,Orlando,FL,32854
Clementina Beatey,703 Anhalt Avenue,Evansville,IN,47737
Tommie Lanfere,5 Elgar Center,Dallas,TX,75392
Malvina Palser,16671 Tomscot Center,Portland,OR,97296
Ringo Buglar,077 Sunnyside Drive,Memphis,TN,38188
Camey Douthwaite,3136 Blue Bill Park Pass,Evansville,IN,47732
Chancey Beardsworth,14880 Southridge Drive,Colorado Springs,CO,80915
Kinna Dukes,46 Butternut Point,Naples,FL,33963
Chrystel Devonside,1258 Sloan Lane,Savannah,GA,31410
Austin Lathleiff,5 Rusk Plaza,Whittier,CA,90605
Christophe Paal,4812 Mariners Cove Avenue,Milwaukee,WI,53234
Humfried Camis,85006 Roth Court,Pensacola,FL,32526
Jolene Hyndes,43 Nevada Hill,Shawnee Mission,KS,66215
Faina Dulany,7 Golf View Drive,Birmingham,AL,35225
Elbertine Sheer,8625 Laurel Court,Riverside,CA,92513
Vanda Cromblehome,178 Grayhawk Pass,Washington,DC,20425
Vernor Pynner,76 Northport Terrace,Cincinnati,OH,45238
Zorine MacTrustrie,3986 Farragut Trail,Lynchburg,VA,24515
Hermia Pavese,2135 New Castle Trail,Schaumburg,IL,60193
Katey Pattlel,34770 Park Meadow Junction,Warren,MI,48092
Linnie Chillingsworth,97 Darwin Place,Richmond,VA,23208
Francisco Drexel,285 Linden Pass,Galveston,TX,77554
Latrena Jezard,79 Ramsey Court,Aiken,SC,29805
Hammad Seniour,45944 Mariners Cove Place,Albany,NY,12237
Arabella Fyers,2221 Bayside Road,Flushing,NY,11355
Rich Huxton,6069 Jay Alley,San Francisco,CA,94154
Curtis Donaher,57 Golf Terrace,Nashville,TN,37215
Waite Gatfield,61 Sutherland Street,Minneapolis,MN,55458
Gal Spearman,1291 Northland Court,Miami,FL,33147
Dwayne Traylen,224 Schiller Terrace,Shreveport,LA,71166
Marta Beincken,2 Oxford Hill,Riverside,CA,92505
Magdaia Eamer,0068 Glendale Place,Lincoln,NE,68531
Vinson Giacomoni,5903 Springs Hill,Miami,FL,33169
Gavan Holgan,1070 Eagan Junction,Oklahoma City,OK,73173
Alana Mardling,17833 Hoepker Park,Detroit,MI,48275
Audrey Beevors,6 Armistice Court,Farmington,MI,48335
Karylin Maywood,94 Sauthoff Place,Pittsburgh,PA,15205
Robert Ainsworth,36 Sunbrook Place,Fresno,CA,93794
Libbi Fellgatt,0526 Charing Cross Park,Ocala,FL,34474
Rosmunda Treker,571 Rowland Circle,Louisville,KY,40280
Germayne Pydcock,45473 3rd Circle,Sacramento,CA,94263
Jesus Merrill,313 Grayhawk Plaza,Fort Pierce,FL,34949
Rochelle Kilsby,91 Shelley Center,Salt Lake City,UT,84199
Urson Britner,38 Memorial Way,Alexandria,VA,22309
Karalee Kemster,986 Claremont Lane,Salinas,CA,93907
Efren Usher,2 Boyd Street,Elizabeth,NJ,07208
Zebadiah Zettoi,46 Barnett Hill,San Antonio,TX,78240
Ashley De la croix,0999 Hudson Junction,Tampa,FL,33615
Rube Quoit,5234 Lindbergh Road,Humble,TX,77346
Leann Climson,38218 Maryland Trail,San Angelo,TX,76905
Reta Ingham,023 Jay Junction,Louisville,KY,40210
Yorgos Willbraham,4 Mccormick Alley,Fresno,CA,93773
Ashleigh Drogan,183 Gerald Lane,Chicago,IL,60609
Bernelle Stot,36868 Sutteridge Point,Wichita Falls,TX,76310
Puff Gooley,0026 Debs Trail,New Orleans,LA,70179
Cacilia Haryngton,5035 Loftsgordon Alley,Huntington Beach,CA,92648
Birk Gouthier,8308 Twin Pines Avenue,New York City,NY,10110
Cassandry Sawtell,46 Heath Crossing,Tempe,AZ,85284
Gretel Chevers,1865 Mitchell Road,Lubbock,TX,79491
Cheston Mongain,3681 Commercial Parkway,Springfield,MO,65810
Alisha Kleinberer,1 Roxbury Lane,Waco,TX,76711
Revkah Duxfield,786 Carey Plaza,Waterloo,IA,50706
Benni Tanzer,12776 Nova Pass,Baton Rouge,LA,70805
Sutherland Di Maggio,5 Buell Parkway,Shawnee Mission,KS,66205
Benjamen Klausen,7422 Comanche Court,Boston,MA,02109
Sherwin Cheavin,21537 Meadow Vale Court,Seattle,WA,98127
Kellina Primarolo,499 Ronald Regan Plaza,Idaho Falls,ID,83405
Coraline Omand,3 Vermont Circle,Wilmington,NC,28410
Erena Marcussen,283 Hallows Way,Orlando,FL,32885
Sascha Worsnip,869 Warrior Avenue,Austin,TX,78754
Hermina Calcott,92743 Dayton Place,Columbus,OH,43240
Flor Paice,44 Lerdahl Road,Houston,TX,77281
Marcellus Redmond,8 Stang Avenue,Ashburn,VA,22093
Constancia Nys,6 Prentice Street,Colorado Springs,CO,80945
Fremont Issakov,97663 Rowland Terrace,Fayetteville,NC,28314
Elvira Reckus,0090 Pawling Park,Los Angeles,CA,90065
Ulrike Cogdon,9 Jackson Junction,Phoenix,AZ,85083
Isadora Emmerson,5 Lukken Trail,San Rafael,CA,94913
Alberto Ziems,5 Old Shore Avenue,Minneapolis,MN,55448
Jud Copley,20 Lerdahl Alley,Montgomery,AL,36125
Dom Ciardo,8 Onsgard Crossing,San Bernardino,CA,92415
Margaret McGlade,5 Jenna Avenue,Baltimore,MD,21290
Panchito Farrah,6259 Coolidge Crossing,Fort Pierce,FL,34981
Mattie Ramsbottom,949 4th Parkway,Houston,TX,77218
Laverna Preuvost,444 Fulton Court,Huntington,WV,25721
Cassy Sarney,15 Lyons Terrace,Dallas,TX,75387
Cull Cuckson,630 Ridgeway Terrace,Columbia,SC,29225
Gabey Lamberton,788 Randy Park,Dayton,OH,45426
Marysa McIlriach,162 Westerfield Drive,Lawrenceville,GA,30045
Delano Milsted,1 Crest Line Hill,Midland,MI,48670
Dahlia Gotmann,9708 Weeping Birch Point,High Point,NC,27264
Werner Schollick,5 Hansons Circle,Dulles,VA,20189
Nevil Marden,3229 Kennedy Trail,Duluth,GA,30096
Marguerite Faloon,79 David Drive,Des Moines,IA,50362
Hewet Cakes,6 Armistice Crossing,Jefferson City,MO,65105
Lynea Hantusch,65 3rd Hill,New York City,NY,10079
Phylis Ida,393 Welch Avenue,Oklahoma City,OK,73104
Rafa Jarmaine,439 Forest Dale Crossing,Flint,MI,48555
Hyatt Barrick,9 Buena Vista Court,New York City,NY,10170
Abdel Ianniello,576 Debs Road,Sacramento,CA,95818
Clarabelle Marlow,265 Homewood Crossing,Erie,PA,16550
Dallon Woodsford,10 Donald Road,Modesto,CA,95397
Elliot Somner,6 Springview Terrace,Manassas,VA,22111
Maddalena Pykerman,37 Bellgrove Junction,Hollywood,FL,33028
Bary Harrod,0 Quincy Way,Billings,MT,59112
Dannel Edmund,5 Prairieview Center,Chicago,IL,60641
Caleb Tym,286 Kenwood Terrace,Salt Lake City,UT,84120
Randy Hacket,92 Lerdahl Alley,Bradenton,FL,34205
Melessa Kytter,1986 Division Drive,Denver,CO,80235
Gerry Garralts,21 Oak Valley Hill,Omaha,NE,68117
Percival Corneck,5511 Spohn Hill,Oklahoma City,OK,73114
Pam Laviss,6 Talmadge Hill,New Haven,CT,06510
Scottie Giacubo,71299 Fieldstone Parkway,Houston,TX,77085
Mylo Bidmead,8589 Sunfield Parkway,Philadelphia,PA,19104
Kathryne Elder,54273 Tennyson Hill,Baton Rouge,LA,70836
Barbie Faulkner,7 Veith Circle,Fresno,CA,93778
Kellie Hamberston,95468 Farmco Way,Spokane,WA,99210
Maryellen Rodmell,535 Havey Junction,Gulfport,MS,39505
Tim Jeandillou,6 Harbort Park,Mobile,AL,36610
Brenna Gaytor,14391 Maryland Court,Atlanta,GA,30375
Nikki McCaffery,41887 Browning Park,Cleveland,OH,44191
Rachele Fransoni,2229 Lukken Terrace,Jacksonville,FL,32220
Candra Bicker,23647 Park Meadow Hill,Los Angeles,CA,90050
Travis Chicchetto,87 Pearson Alley,Irvine,CA,92619
Giacinta Brunn,30 Transport Point,Fort Wayne,IN,46867
Nate Holah,51 Bartelt Plaza,Arlington,VA,22234
Lennard Siggers,8 Mcbride Lane,Oakland,CA,94616
Berty Mussotti,0762 Butternut Place,Washington,DC,20380
Dicky Whittet,8 Eggendart Pass,Shreveport,LA,71166
Fayre Bermingham,7544 Forest Dale Crossing,Wilmington,DE,19805
Zaccaria Petracek,51 Harper Way,London,KY,40745
Nomi Sarfati,3 Iowa Plaza,East Saint Louis,IL,62205
Chariot Celier,03768 Park Meadow Plaza,Kansas City,MO,64130
Herc Briand,7 Petterle Crossing,Mountain View,CA,94042
Larine Borsnall,9311 Anderson Place,Dallas,TX,75372
Jinny Cabble,6604 Everett Road,Dallas,TX,75323
Renata Palek,37601 Farragut Park,Las Vegas,NV,89145
Annabelle Laugharne,5 Pennsylvania Drive,Terre Haute,IN,47812
Eadmund Bann,22391 International Crossing,New Orleans,LA,70179
Lynnette Maillard,061 Dwight Pass,Baltimore,MD,21282
Willey Manicomb,04 Westport Road,New York City,NY,10280
Trstram Julyan,23 Gateway Road,Dallas,TX,75367
Alexandros Durnford,7572 Sutherland Junction,Houston,TX,77005
Agnese D'Oyley,240 Fremont Court,Gulfport,MS,39505
Elijah Snartt,936 Clemons Center,Denver,CO,80255
Howard Danzey,8442 Manitowish Parkway,El Paso,TX,79905
Morten Parade,98742 Killdeer Lane,Gulfport,MS,39505
Antonio Lowen,19049 Russell Parkway,Topeka,KS,66611
Retha Buglass,9222 Di Loreto Place,Huntington,WV,25705
Merell Shenfish,3327 Londonderry Road,Erie,PA,16505
Antonio Kewish,680 Miller Circle,Dallas,TX,75236
Bobbye Rene,8280 Golden Leaf Street,Denver,CO,80223
Laurel Naton,0297 Nevada Trail,Irvine,CA,92717
Meredith Bravey,15 Donald Drive,Dallas,TX,75216
Nelson Mulvin,2681 Towne Park,Paterson,NJ,07505
Lauree Arrighini,20854 Warbler Plaza,Chicago,IL,60669
Athena Whittington,6 Wayridge Center,Winston Salem,NC,27150
Chicky Seavers,945 Atwood Trail,Abilene,TX,79699
Martha McIlreavy,4134 Eastwood Hill,Winston Salem,NC,27157
Karine Jarrold,80908 Center Trail,Mc Keesport,PA,15134
Rouvin Farrall,1907 Ruskin Place,East Saint Louis,IL,62205
Bob Bradder,6 Judy Center,Houston,TX,77299
Mattias Bolam,5 Continental Park,San Francisco,CA,94121
Ludwig Voice,46 Rigney Plaza,Lexington,KY,40505
Shaun Priestnall,5 Eastlawn Circle,Saint Louis,MO,63167
Miran Hassell,8 Cherokee Lane,Louisville,KY,40287
Rabbi Shury,7909 Village Green Lane,Charlotte,NC,28284
Reggy Delwater,8 Anniversary Avenue,Tallahassee,FL,32309
Roma Capeling,8072 La Follette Center,Charleston,SC,29424
Marj Poyner,9 Sutherland Drive,Aurora,CO,80044
Kennie Queen,6507 Annamark Street,Portland,OR,97221
Calla Faughny,5763 Havey Circle,Charlotte,NC,28225
Carey Raggitt,61 Cascade Crossing,Kalamazoo,MI,49006
Elia Felgate,89015 Tennyson Way,Birmingham,AL,35279
Lucilia Sibley,2641 Packers Point,Hattiesburg,MS,39404
Colline Dorrian,49 Nelson Circle,Trenton,NJ,08619
Nalani Burris,082 Vidon Pass,Ashburn,VA,22093
Vern Balwin,85 Luster Terrace,San Diego,CA,92176
Renault Whitehair,0528 Cascade Lane,Newport Beach,CA,92662
Vergil Shiels,65483 Maywood Trail,Schenectady,NY,12325
Bobby Cluelow,176 Brentwood Lane,Lubbock,TX,79405
Jone Ransfield,9 Marcy Avenue,Amarillo,TX,79171
Blithe Culshew,325 Northfield Place,Oklahoma City,OK,73109
Udell Rannells,6 Union Way,Honolulu,HI,96825
Margi Bridywater,8229 Debra Place,Minneapolis,MN,55402
Davidde Leyrroyd,94 Cardinal Point,Phoenix,AZ,85030
Daffy Akister,09 Corry Terrace,Scranton,PA,18505
Bobbette Fogarty,4 American Ash Court,Davenport,IA,52809
Molly Dani,3 Clyde Gallagher Drive,Rochester,NY,14614
Kiley Wheildon,69 Hermina Trail,Tulsa,OK,74126
Pegeen Deacon,6104 Corscot Parkway,Baltimore,MD,21211
Yolane Donati,09 Vermont Pass,Myrtle Beach,SC,29579
Verena Van der Beek,84 Anhalt Terrace,Marietta,GA,30066
Sergeant Killough,1 Mockingbird Pass,San Diego,CA,92105
Ewell Fealey,9629 Hayes Center,San Antonio,TX,78250
Doralynne Brake,1 Longview Trail,Shreveport,LA,71166
Gayle Souter,6 Grover Park,Louisville,KY,40287
Row Murrish,5 Pleasure Court,Pasadena,CA,91199
Sue Barraclough,905 Bobwhite Place,Dallas,TX,75358
Esther Auckland,4877 Doe Crossing Alley,Houston,TX,77040
Geraldine Kowalski,98237 Artisan Trail,Detroit,MI,48224
Sheffy Janoschek,671 Delaware Avenue,San Jose,CA,95160
Elliott Suddick,1847 Heath Way,El Paso,TX,79916
Casie Penwright,04 Schmedeman Pass,South Bend,IN,46620
Giovanna Brion,48198 Pine View Court,Brooklyn,NY,11254
Basilio Spreadbury,34340 Claremont Way,Fort Worth,TX,76198
Dawna Auchinleck,82 Clarendon Point,Fairfax,VA,22036
Carolyn Yong,4 Talmadge Alley,Sioux Falls,SD,57188
Tony Kesteven,7 Autumn Leaf Hill,Los Angeles,CA,90081
Garrot Doman,19688 Almo Center,Los Angeles,CA,90071
Cilka Bernardy,06884 Ramsey Pass,San Francisco,CA,94132
Vanya Dumingos,46 Monica Center,Denton,TX,76205
Pavia Goodlad,1 Holmberg Park,Hampton,VA,23663
Lorrie Michallat,1406 Crescent Oaks Crossing,Albuquerque,NM,87110
Blanca Rydeard,105 Kennedy Court,Tulsa,OK,74141
Stella Trimming,5 Kinsman Plaza,Ocala,FL,34474
Arline Golsworthy,8 Sunnyside Court,Albany,NY,12232
Ellswerth Yannoni,63 Carberry Pass,Houston,TX,77293
Rustin Piotr,4614 Ilene Point,Saint Petersburg,FL,33715
Bradley Kellar,99 Debra Junction,Topeka,KS,66699
Carol Orys,53066 Fuller Avenue,Savannah,GA,31416
Dewie Ferrettino,85056 Ilene Crossing,Lancaster,PA,17622
Billy Shawyers,32652 Briar Crest Terrace,Pueblo,CO,81015
Brianna Julyan,85 Cherokee Avenue,Spartanburg,SC,29305
Bronny Elstone,45912 Bellgrove Terrace,Denver,CO,80291
Tommie Calcut,78 Bobwhite Center,Harrisburg,PA,17105
Inglebert Manston,172 Vera Point,Corpus Christi,TX,78470
Nani Rehm,17 Morrow Circle,Vancouver,WA,98682
Emanuele Howles,76878 International Lane,Columbia,SC,29240
Brocky Blabey,90 Starling Trail,West Palm Beach,FL,33405
Sebastiano Fairest,328 Westridge Court,Miami,FL,33169
Denna McClancy,619 Moland Park,Washington,DC,20010
Cobb Forre,0 Towne Trail,South Bend,IN,46620
Aileen Manuaud,7141 Bellgrove Parkway,Grand Rapids,MI,49510
De witt Gayton,417 Merchant Crossing,Fort Worth,TX,76147
Archibald Mackiewicz,7667 Utah Point,Alexandria,VA,22301
Desmund Haibel,5252 Lien Court,Panama City,FL,32412
Ernst De Malchar,90036 Dakota Pass,Winston Salem,NC,27116
Sargent Franies,52244 Westerfield Alley,Pittsburgh,PA,15225
Javier Beldom,66935 Little Fleur Center,Wilmington,DE,19892
Anderson Loreit,51 Orin Road,Mountain View,CA,94042
Gasparo Cardenoza,17295 Meadow Valley Circle,Washington,DC,20062
Shandeigh Riddiford,103 Warrior Trail,Roanoke,VA,24014
Enrico Kensett,179 Paget Hill,Oklahoma City,OK,73173
Laverne Upston,3 Burrows Plaza,Charlotte,NC,28299
Faber Verchambre,04 Buena Vista Center,Spring,TX,77386
Teena Tweedell,5609 Bluestem Park,Alhambra,CA,91841
Dick Straughan,44954 Park Meadow Point,Anniston,AL,36205
Eileen Tuckey,8 Lerdahl Pass,Waterbury,CT,06726
Fancie Jurkowski,315 Cottonwood Street,Louisville,KY,40256
Aarika Elson,92086 New Castle Plaza,Aiken,SC,29805
Mart Ambroziak,3285 Nancy Place,Virginia Beach,VA,23471
Valeda De Coursey,216 Crowley Place,Washington,DC,20016
